Component,Assigned_Developer,Priority,Estimated_Days,Dependencies,Complexity
Base Models & State Management,Developer A,Critical,5,None,High
Database Schema & Services,Developer B,Critical,4,Base Models,High
Error Handling & Monitoring,Developer A,High,3,Base Models,Medium
Base Agent Class,Developer A,Critical,4,Base Models,High
LLM & External Services,Developer B,Critical,5,Base Models,High
Workflow Coordinator Agent,Developer A,Critical,6,Base Agent Class,Very High
Input Analyzer Agent,Developer A,Critical,5,Base Agent Class,High
Content Planner Agent,Developer A,Critical,4,Input Analyzer,High
Quality Assurance Agent,Developer A,High,4,Base Agent Class,High
Human Review Agent,Developer A,Medium,3,Base Agent Class,Medium
Text Generator Agent,Developer B,Critical,5,Base Agent Class,High
Image Generator Agent,Developer B,High,4,"Base Agent Class, LLM Service",Medium
Audio Processor Agent,Developer B,Medium,3,"Base Agent Class, LLM Service",Medium
Brand Voice Agent,Developer B,High,3,Base Agent Class,Medium
Cross Platform Agent,Developer B,High,4,Base Agent Class,High
FastAPI Main Application,Developer B,High,3,Base Models,Medium
Workflow API Endpoints,Developer A,Critical,4,"FastAPI Main, Base Models",Medium
Content API Endpoints,Developer B,High,3,"FastAPI Main, Agents",Medium
Authentication & Middleware,Developer A,High,3,FastAPI Main,Medium
Monitoring API Endpoints,Developer A,Medium,2,"FastAPI Main, Monitoring",Low
Configuration Management,Developer B,Medium,2,None,Low
Utility Functions,Developer A,Medium,2,Base Models,Low
Validation Logic,Developer B,High,3,Base Models,Medium
Testing Framework,Both,High,5,All Core Components,Medium
Deployment Scripts,Both,Low,2,All Components,Low
