File_Path,Assigned_Developer,Phase,Estimated_Hours,Dependencies,Key_Functions
src/models/__init__.py,Developer A,1,1,None,__init__
src/models/state_models.py,Developer A,1,8,None,"ContentState, WorkflowStatus"
src/models/content_models.py,Developer A,1,6,state_models.py,"BlogPost, SocialPost classes"
src/models/api_models.py,Developer A,1,4,state_models.py,API request/response models
src/core/__init__.py,Developer A,1,1,None,__init__
src/core/error_handling.py,Developer A,1,6,None,"AgentException, error recovery"
src/core/monitoring.py,Developer A,1,4,error_handling.py,"Structured logging, metrics"
src/agents/__init__.py,Developer A,1,1,None,__init__
src/agents/base_agent.py,Developer A,1,12,state_models.py,BaseAgent abstract class
src/services/__init__.py,Developer B,1,1,None,__init__
src/services/llm_service.py,Developer B,1,12,config/settings.py,Gemini API client
src/services/image_service.py,Developer B,1,8,llm_service.py,Imagen API client
src/services/audio_service.py,Developer B,1,6,llm_service.py,Audio processing APIs
src/services/database_service.py,Developer B,1,10,config/database.py,Database CRUD operations
src/utils/__init__.py,Developer A,1,1,None,__init__
src/utils/validators.py,Developer A,1,8,state_models.py,Input validation functions
src/utils/helpers.py,Developer B,1,4,None,Utility helpers
config/settings.py,Developer B,1,4,None,Configuration management
config/database.py,Developer B,1,6,None,Database connections
src/agents/workflow_coordinator.py,Developer A,2,20,base_agent.py,"orchestrate_workflow(), route_agents()"
src/agents/input_analyzer.py,Developer A,2,16,base_agent.py,"extract_themes(), analyze_sentiment()"
src/agents/content_planner.py,Developer A,2,12,input_analyzer.py,"create_strategy(), plan_content()"
src/agents/quality_assurance.py,Developer A,2,12,base_agent.py,"assess_quality(), check_consistency()"
src/agents/human_review.py,Developer A,2,8,base_agent.py,"request_review(), collect_feedback()"
src/agents/text_generator.py,Developer B,2,16,base_agent.py,"generate_text(), optimize_seo()"
src/agents/image_generator.py,Developer B,2,12,base_agent.py,"generate_image(), apply_style()"
src/agents/audio_processor.py,Developer B,2,8,base_agent.py,"generate_audio(), transcribe_text()"
src/agents/brand_voice.py,Developer B,2,8,base_agent.py,"analyze_brand_voice(), ensure_compliance()"
src/agents/cross_platform.py,Developer B,2,12,base_agent.py,"adapt_for_platform(), optimize_format()"
src/core/workflow_engine.py,Developer A,2,10,workflow_coordinator.py,LangGraph workflow execution
src/api/__init__.py,Developer B,3,1,None,__init__
src/api/main.py,Developer B,3,8,api_models.py,"FastAPI app setup, middleware"
src/api/routers/__init__.py,Developer A,3,1,None,__init__
src/api/routers/workflows.py,Developer A,3,12,main.py,Workflow CRUD endpoints
src/api/routers/content.py,Developer B,3,8,main.py,Content management endpoints
src/api/routers/monitoring.py,Developer A,3,6,main.py,Health/metrics endpoints
src/api/middleware/__init__.py,Developer A,3,1,None,__init__
src/api/middleware/auth.py,Developer A,3,8,main.py,"OAuth2, JWT validation"
src/api/middleware/rate_limiting.py,Developer A,3,4,main.py,Rate limiting middleware
src/api/middleware/logging.py,Developer A,3,4,main.py,Request/response logging
tests/conftest.py,Both,4,4,All Phase 1-3,"Test fixtures, mocks"
tests/unit/test_models.py,Developer A,4,8,models/*,Model validation tests
tests/unit/test_agents_coordinator.py,Developer A,4,12,agents/coordinator+analyzer,Coordinator agent tests
tests/unit/test_agents_generation.py,Developer B,4,12,agents/generators,Generation agent tests
tests/unit/test_services.py,Developer B,4,8,services/*,Service integration tests
tests/integration/test_workflow_end_to_end.py,Both,4,16,All agents,End-to-end workflow tests
tests/integration/test_api_endpoints.py,Both,4,12,API routers,API endpoint tests
tests/performance/test_load_scenarios.py,Both,4,8,All components,Load testing scenarios
Dockerfile,Both,5,4,All components,Multi-stage Docker build
docker-compose.yml,Both,5,6,All components,Docker compose setup
requirements.txt,Both,5,2,All components,Python dependencies
README.md,Both,5,8,All components,Project documentation
deployment/kubernetes/deployment.yaml,Both,5,6,All components,Kubernetes deployment
